Name,Value
Name_0,0
Name_1,1
Name_2,2
Name_3,3
Name_4,4
Name_5,5
Name_6,6
Name_7,7
Name_8,8
Name_9,9
Name_10,10
Name_11,11
Name_12,12
Name_13,13
Name_14,14
Name_15,15
Name_16,16
Name_17,17
Name_18,18
Name_19,19
Name_20,20
Name_21,21
Name_22,22
Name_23,23
Name_24,24
Name_25,25
Name_26,26
Name_27,27
Name_28,28
Name_29,29
Name_30,30
Name_31,31
Name_32,32
Name_33,33
Name_34,34
Name_35,35
Name_36,36
Name_37,37
Name_38,38
Name_39,39
Name_40,40
Name_41,41
Name_42,42
Name_43,43
Name_44,44
Name_45,45
Name_46,46
Name_47,47
Name_48,48
Name_49,49
Name_50,50
Name_51,51
Name_52,52
Name_53,53
Name_54,54
Name_55,55
Name_56,56
Name_57,57
Name_58,58
Name_59,59
Name_60,60
Name_61,61
Name_62,62
Name_63,63
Name_64,64
Name_65,65
Name_66,66
Name_67,67
Name_68,68
Name_69,69
Name_70,70
Name_71,71
Name_72,72
Name_73,73
Name_74,74
Name_75,75
Name_76,76
Name_77,77
Name_78,78
Name_79,79
Name_80,80
Name_81,81
Name_82,82
Name_83,83
Name_84,84
Name_85,85
Name_86,86
Name_87,87
Name_88,88
Name_89,89
Name_90,90
Name_91,91
Name_92,92
Name_93,93
Name_94,94
Name_95,95
Name_96,96
Name_97,97
Name_98,98
Name_99,99
Name_100,100
Name_101,101
Name_102,102
Name_103,103
Name_104,104
Name_105,105
Name_106,106
Name_107,107
Name_108,108
Name_109,109
Name_110,110
Name_111,111
Name_112,112
Name_113,113
Name_114,114
Name_115,115
Name_116,116
Name_117,117
Name_118,118
Name_119,119
Name_120,120
Name_121,121
Name_122,122
Name_123,123
Name_124,124
Name_125,125
Name_126,126
Name_127,127
Name_128,128
Name_129,129
Name_130,130
Name_131,131
Name_132,132
Name_133,133
Name_134,134
Name_135,135
Name_136,136
Name_137,137
Name_138,138
Name_139,139
Name_140,140
Name_141,141
Name_142,142
Name_143,143
Name_144,144
Name_145,145
Name_146,146
Name_147,147
Name_148,148
Name_149,149
Name_150,150
Name_151,151
Name_152,152
Name_153,153
Name_154,154
Name_155,155
Name_156,156
Name_157,157
Name_158,158
Name_159,159
Name_160,160
Name_161,161
Name_162,162
Name_163,163
Name_164,164
Name_165,165
Name_166,166
Name_167,167
Name_168,168
Name_169,169
Name_170,170
Name_171,171
Name_172,172
Name_173,173
Name_174,174
Name_175,175
Name_176,176
Name_177,177
Name_178,178
Name_179,179
Name_180,180
Name_181,181
Name_182,182
Name_183,183
Name_184,184
Name_185,185
Name_186,186
Name_187,187
Name_188,188
Name_189,189
Name_190,190
Name_191,191
Name_192,192
Name_193,193
Name_194,194
Name_195,195
Name_196,196
Name_197,197
Name_198,198
Name_199,199
Name_200,200
Name_201,201
Name_202,202
Name_203,203
Name_204,204
Name_205,205
Name_206,206
Name_207,207
Name_208,208
Name_209,209
Name_210,210
Name_211,211
Name_212,212
Name_213,213
Name_214,214
Name_215,215
Name_216,216
Name_217,217
Name_218,218
Name_219,219
Name_220,220
Name_221,221
Name_222,222
Name_223,223
Name_224,224
Name_225,225
Name_226,226
Name_227,227
Name_228,228
Name_229,229
Name_230,230
Name_231,231
Name_232,232
Name_233,233
Name_234,234
Name_235,235
Name_236,236
Name_237,237
Name_238,238
Name_239,239
Name_240,240
Name_241,241
Name_242,242
Name_243,243
Name_244,244
Name_245,245
Name_246,246
Name_247,247
Name_248,248
Name_249,249
Name_250,250
Name_251,251
Name_252,252
Name_253,253
Name_254,254
Name_255,255
Name_256,256
Name_257,257
Name_258,258
Name_259,259
Name_260,260
Name_261,261
Name_262,262
Name_263,263
Name_264,264
Name_265,265
Name_266,266
Name_267,267
Name_268,268
Name_269,269
Name_270,270
Name_271,271
Name_272,272
Name_273,273
Name_274,274
Name_275,275
Name_276,276
Name_277,277
Name_278,278
Name_279,279
Name_280,280
Name_281,281
Name_282,282
Name_283,283
Name_284,284
Name_285,285
Name_286,286
Name_287,287
Name_288,288
Name_289,289
Name_290,290
Name_291,291
Name_292,292
Name_293,293
Name_294,294
Name_295,295
Name_296,296
Name_297,297
Name_298,298
Name_299,299
Name_300,300
Name_301,301
Name_302,302
Name_303,303
Name_304,304
Name_305,305
Name_306,306
Name_307,307
Name_308,308
Name_309,309
Name_310,310
Name_311,311
Name_312,312
Name_313,313
Name_314,314
Name_315,315
Name_316,316
Name_317,317
Name_318,318
Name_319,319
Name_320,320
Name_321,321
Name_322,322
Name_323,323
Name_324,324
Name_325,325
Name_326,326
Name_327,327
Name_328,328
Name_329,329
Name_330,330
Name_331,331
Name_332,332
Name_333,333
Name_334,334
Name_335,335
Name_336,336
Name_337,337
Name_338,338
Name_339,339
Name_340,340
Name_341,341
Name_342,342
Name_343,343
Name_344,344
Name_345,345
Name_346,346
Name_347,347
Name_348,348
Name_349,349
Name_350,350
Name_351,351
Name_352,352
Name_353,353
Name_354,354
Name_355,355
Name_356,356
Name_357,357
Name_358,358
Name_359,359
Name_360,360
Name_361,361
Name_362,362
Name_363,363
Name_364,364
Name_365,365
Name_366,366
Name_367,367
Name_368,368
Name_369,369
Name_370,370
Name_371,371
Name_372,372
Name_373,373
Name_374,374
Name_375,375
Name_376,376
Name_377,377
Name_378,378
Name_379,379
Name_380,380
Name_381,381
Name_382,382
Name_383,383
Name_384,384
Name_385,385
Name_386,386
Name_387,387
Name_388,388
Name_389,389
Name_390,390
Name_391,391
Name_392,392
Name_393,393
Name_394,394
Name_395,395
Name_396,396
Name_397,397
Name_398,398
Name_399,399
Name_400,400
Name_401,401
Name_402,402
Name_403,403
Name_404,404
Name_405,405
Name_406,406
Name_407,407
Name_408,408
Name_409,409
Name_410,410
Name_411,411
Name_412,412
Name_413,413
Name_414,414
Name_415,415
Name_416,416
Name_417,417
Name_418,418
Name_419,419
Name_420,420
Name_421,421
Name_422,422
Name_423,423
Name_424,424
Name_425,425
Name_426,426
Name_427,427
Name_428,428
Name_429,429
Name_430,430
Name_431,431
Name_432,432
Name_433,433
Name_434,434
Name_435,435
Name_436,436
Name_437,437
Name_438,438
Name_439,439
Name_440,440
Name_441,441
Name_442,442
Name_443,443
Name_444,444
Name_445,445
Name_446,446
Name_447,447
Name_448,448
Name_449,449
Name_450,450
Name_451,451
Name_452,452
Name_453,453
Name_454,454
Name_455,455
Name_456,456
Name_457,457
Name_458,458
Name_459,459
Name_460,460
Name_461,461
Name_462,462
Name_463,463
Name_464,464
Name_465,465
Name_466,466
Name_467,467
Name_468,468
Name_469,469
Name_470,470
Name_471,471
Name_472,472
Name_473,473
Name_474,474
Name_475,475
Name_476,476
Name_477,477
Name_478,478
Name_479,479
Name_480,480
Name_481,481
Name_482,482
Name_483,483
Name_484,484
Name_485,485
Name_486,486
Name_487,487
Name_488,488
Name_489,489
Name_490,490
Name_491,491
Name_492,492
Name_493,493
Name_494,494
Name_495,495
Name_496,496
Name_497,497
Name_498,498
Name_499,499
Name_500,500
Name_501,501
Name_502,502
Name_503,503
Name_504,504
Name_505,505
Name_506,506
Name_507,507
Name_508,508
Name_509,509
Name_510,510
Name_511,511
Name_512,512
Name_513,513
Name_514,514
Name_515,515
Name_516,516
Name_517,517
Name_518,518
Name_519,519
Name_520,520
Name_521,521
Name_522,522
Name_523,523
Name_524,524
Name_525,525
Name_526,526
Name_527,527
Name_528,528
Name_529,529
Name_530,530
Name_531,531
Name_532,532
Name_533,533
Name_534,534
Name_535,535
Name_536,536
Name_537,537
Name_538,538
Name_539,539
Name_540,540
Name_541,541
Name_542,542
Name_543,543
Name_544,544
Name_545,545
Name_546,546
Name_547,547
Name_548,548
Name_549,549
Name_550,550
Name_551,551
Name_552,552
Name_553,553
Name_554,554
Name_555,555
Name_556,556
Name_557,557
Name_558,558
Name_559,559
Name_560,560
Name_561,561
Name_562,562
Name_563,563
Name_564,564
Name_565,565
Name_566,566
Name_567,567
Name_568,568
Name_569,569
Name_570,570
Name_571,571
Name_572,572
Name_573,573
Name_574,574
Name_575,575
Name_576,576
Name_577,577
Name_578,578
Name_579,579
Name_580,580
Name_581,581
Name_582,582
Name_583,583
Name_584,584
Name_585,585
Name_586,586
Name_587,587
Name_588,588
Name_589,589
Name_590,590
Name_591,591
Name_592,592
Name_593,593
Name_594,594
Name_595,595
Name_596,596
Name_597,597
Name_598,598
Name_599,599
Name_600,600
Name_601,601
Name_602,602
Name_603,603
Name_604,604
Name_605,605
Name_606,606
Name_607,607
Name_608,608
Name_609,609
Name_610,610
Name_611,611
Name_612,612
Name_613,613
Name_614,614
Name_615,615
Name_616,616
Name_617,617
Name_618,618
Name_619,619
Name_620,620
Name_621,621
Name_622,622
Name_623,623
Name_624,624
Name_625,625
Name_626,626
Name_627,627
Name_628,628
Name_629,629
Name_630,630
Name_631,631
Name_632,632
Name_633,633
Name_634,634
Name_635,635
Name_636,636
Name_637,637
Name_638,638
Name_639,639
Name_640,640
Name_641,641
Name_642,642
Name_643,643
Name_644,644
Name_645,645
Name_646,646
Name_647,647
Name_648,648
Name_649,649
Name_650,650
Name_651,651
Name_652,652
Name_653,653
Name_654,654
Name_655,655
Name_656,656
Name_657,657
Name_658,658
Name_659,659
Name_660,660
Name_661,661
Name_662,662
Name_663,663
Name_664,664
Name_665,665
Name_666,666
Name_667,667
Name_668,668
Name_669,669
Name_670,670
Name_671,671
Name_672,672
Name_673,673
Name_674,674
Name_675,675
Name_676,676
Name_677,677
Name_678,678
Name_679,679
Name_680,680
Name_681,681
Name_682,682
Name_683,683
Name_684,684
Name_685,685
Name_686,686
Name_687,687
Name_688,688
Name_689,689
Name_690,690
Name_691,691
Name_692,692
Name_693,693
Name_694,694
Name_695,695
Name_696,696
Name_697,697
Name_698,698
Name_699,699
Name_700,700
Name_701,701
Name_702,702
Name_703,703
Name_704,704
Name_705,705
Name_706,706
Name_707,707
Name_708,708
Name_709,709
Name_710,710
Name_711,711
Name_712,712
Name_713,713
Name_714,714
Name_715,715
Name_716,716
Name_717,717
Name_718,718
Name_719,719
Name_720,720
Name_721,721
Name_722,722
Name_723,723
Name_724,724
Name_725,725
Name_726,726
Name_727,727
Name_728,728
Name_729,729
Name_730,730
Name_731,731
Name_732,732
Name_733,733
Name_734,734
Name_735,735
Name_736,736
Name_737,737
Name_738,738
Name_739,739
Name_740,740
Name_741,741
Name_742,742
Name_743,743
Name_744,744
Name_745,745
Name_746,746
Name_747,747
Name_748,748
Name_749,749
Name_750,750
Name_751,751
Name_752,752
Name_753,753
Name_754,754
Name_755,755
Name_756,756
Name_757,757
Name_758,758
Name_759,759
Name_760,760
Name_761,761
Name_762,762
Name_763,763
Name_764,764
Name_765,765
Name_766,766
Name_767,767
Name_768,768
Name_769,769
Name_770,770
Name_771,771
Name_772,772
Name_773,773
Name_774,774
Name_775,775
Name_776,776
Name_777,777
Name_778,778
Name_779,779
Name_780,780
Name_781,781
Name_782,782
Name_783,783
Name_784,784
Name_785,785
Name_786,786
Name_787,787
Name_788,788
Name_789,789
Name_790,790
Name_791,791
Name_792,792
Name_793,793
Name_794,794
Name_795,795
Name_796,796
Name_797,797
Name_798,798
Name_799,799
Name_800,800
Name_801,801
Name_802,802
Name_803,803
Name_804,804
Name_805,805
Name_806,806
Name_807,807
Name_808,808
Name_809,809
Name_810,810
Name_811,811
Name_812,812
Name_813,813
Name_814,814
Name_815,815
Name_816,816
Name_817,817
Name_818,818
Name_819,819
Name_820,820
Name_821,821
Name_822,822
Name_823,823
Name_824,824
Name_825,825
Name_826,826
Name_827,827
Name_828,828
Name_829,829
Name_830,830
Name_831,831
Name_832,832
Name_833,833
Name_834,834
Name_835,835
Name_836,836
Name_837,837
Name_838,838
Name_839,839
Name_840,840
Name_841,841
Name_842,842
Name_843,843
Name_844,844
Name_845,845
Name_846,846
Name_847,847
Name_848,848
Name_849,849
Name_850,850
Name_851,851
Name_852,852
Name_853,853
Name_854,854
Name_855,855
Name_856,856
Name_857,857
Name_858,858
Name_859,859
Name_860,860
Name_861,861
Name_862,862
Name_863,863
Name_864,864
Name_865,865
Name_866,866
Name_867,867
Name_868,868
Name_869,869
Name_870,870
Name_871,871
Name_872,872
Name_873,873
Name_874,874
Name_875,875
Name_876,876
Name_877,877
Name_878,878
Name_879,879
Name_880,880
Name_881,881
Name_882,882
Name_883,883
Name_884,884
Name_885,885
Name_886,886
Name_887,887
Name_888,888
Name_889,889
Name_890,890
Name_891,891
Name_892,892
Name_893,893
Name_894,894
Name_895,895
Name_896,896
Name_897,897
Name_898,898
Name_899,899
Name_900,900
Name_901,901
Name_902,902
Name_903,903
Name_904,904
Name_905,905
Name_906,906
Name_907,907
Name_908,908
Name_909,909
Name_910,910
Name_911,911
Name_912,912
Name_913,913
Name_914,914
Name_915,915
Name_916,916
Name_917,917
Name_918,918
Name_919,919
Name_920,920
Name_921,921
Name_922,922
Name_923,923
Name_924,924
Name_925,925
Name_926,926
Name_927,927
Name_928,928
Name_929,929
Name_930,930
Name_931,931
Name_932,932
Name_933,933
Name_934,934
Name_935,935
Name_936,936
Name_937,937
Name_938,938
Name_939,939
Name_940,940
Name_941,941
Name_942,942
Name_943,943
Name_944,944
Name_945,945
Name_946,946
Name_947,947
Name_948,948
Name_949,949
Name_950,950
Name_951,951
Name_952,952
Name_953,953
Name_954,954
Name_955,955
Name_956,956
Name_957,957
Name_958,958
Name_959,959
Name_960,960
Name_961,961
Name_962,962
Name_963,963
Name_964,964
Name_965,965
Name_966,966
Name_967,967
Name_968,968
Name_969,969
Name_970,970
Name_971,971
Name_972,972
Name_973,973
Name_974,974
Name_975,975
Name_976,976
Name_977,977
Name_978,978
Name_979,979
Name_980,980
Name_981,981
Name_982,982
Name_983,983
Name_984,984
Name_985,985
Name_986,986
Name_987,987
Name_988,988
Name_989,989
Name_990,990
Name_991,991
Name_992,992
Name_993,993
Name_994,994
Name_995,995
Name_996,996
Name_997,997
Name_998,998
Name_999,999
